
{
  "version": 2,
  "cleanUrls": false,
  "trailingSlash": false,
  "headers": [
    {
      "source": "/(.*)",
      "headers": [
        { "key": "Access-Control-Allow-Origin", "value": "*" },
        { "key": "Access-Control-Allow-Methods", "value": "GET,OPTIONS,PATCH,DELETE,POST,PUT" },
        { "key": "Access-Control-Allow-Headers", "value": "X-CSRF-Token, X-Requested-With, Accept, Accept-Version, Content-Length, Content-MD5, Content-Type, Date, X-Api-Version, Authorization, Origin, Cross-Origin-Resource-Policy" },
        { "key": "Cross-Origin-Resource-Policy", "value": "cross-origin" }
      ]
    }
  ],
  "rewrites": [
    {
      "source": "/index.js",
      "destination": "/index.js"
    }
  ]
}
